<?xml version="1.0" encoding="UTF-8"?>
<project-private xmlns="http://www.netbeans.org/ns/project-private/1">
    <editor-bookmarks xmlns="http://www.netbeans.org/ns/editor-bookmarks/2" lastBookmarkId="0"/>
    <open-files xmlns="http://www.netbeans.org/ns/projectui-open-files/2">
        <group>
            <file>file:/C:/Users/Dell/OneDrive/Desktop/Adv%20program/Assign/Unit%2019%20Advanced%20programming/HotelReservationSystem/src/hotelBookingSystem/ReservationForm.java</file>
            <file>file:/C:/Users/Dell/OneDrive/Desktop/Adv%20program/Assign/Unit%2019%20Advanced%20programming/HotelReservationSystem/src/hotelBookingSystem/CheckOutForm.java</file>
        </group>
    </open-files>
</project-private>
